{"training_params_results": {"mean_test_loss": 1.0232234001159668, "mean_ground_truth_f1": 0.99375, "ground_truth_acc": 0.99375, "mean_student_error": 0.009597738273441792, "mean_teacher_error": 0.011125761084258556, "mean_protocol_diversity": 0.9987499713897705, "mean_protocol_entropy": 0.00040000674198381603}, "vanilla_params_results": {"mean_test_loss": 1.000067114830017, "mean_ground_truth_f1": 1.0, "ground_truth_acc": 1.0, "mean_student_error": 3.9140282751759514e-05, "mean_teacher_error": 2.842186404450331e-05, "mean_protocol_diversity": 1.0, "mean_protocol_entropy": 7.222239013367687e-35}, "student_responsiveness": 0.6226339724249113, "teacher_responsiveness": 0.28776253947574176}