{"training_params_results": {"mean_test_loss": 1.5605218410491943, "mean_ground_truth_f1": 0.87625, "ground_truth_acc": 0.87625, "mean_student_error": 0.15391384065151215, "mean_teacher_error": 0.08285785466432571, "mean_protocol_diversity": 0.8381249904632568, "mean_protocol_entropy": 0.05180086940526962}, "vanilla_params_results": {"mean_test_loss": 2.4672434329986572, "mean_ground_truth_f1": 0.665, "ground_truth_acc": 0.665, "mean_student_error": 0.4550589323043823, "mean_teacher_error": 0.01218373328447342, "mean_protocol_diversity": 0.5, "mean_protocol_entropy": 0.1600022315979004}, "student_responsiveness": 0.9534546535274667, "teacher_responsiveness": 0.7203028180459629}