{"mean_test_loss": 9.721261024475098, "mean_ground_truth_f1": 0.9775, "ground_truth_acc": 0.9775, "mean_student_error": 0.9265093803405762, "mean_teacher_error": 7.629745006561279, "mean_protocol_diversity": 0.9175000190734863}