{"mean_test_loss": 1.0992648601531982, "mean_ground_truth_f1": 0.35375, "ground_truth_acc": 0.35375, "mean_student_error": 1.0968230962753296, "mean_teacher_error": 1.815375804901123, "mean_protocol_diversity": 0.4527083933353424}