{"mean_test_loss": 9.870080947875977, "mean_ground_truth_f1": 1.0, "ground_truth_acc": 1.0, "mean_student_error": 1.9318478107452393, "mean_teacher_error": 6.759479999542236, "mean_protocol_diversity": 0.9106249809265137}