{"training_params_results": {"mean_test_loss": 1.1181552410125732, "mean_ground_truth_f1": 0.975, "ground_truth_acc": 0.975, "mean_student_error": 0.03822768107056618, "mean_teacher_error": 0.0011775324819609523, "mean_protocol_diversity": 0.9606249928474426, "mean_protocol_entropy": 0.01260021235793829}, "vanilla_params_results": {"mean_test_loss": 1.5181957483291626, "mean_ground_truth_f1": 0.88625, "ground_truth_acc": 0.88625, "mean_student_error": 0.16177402436733246, "mean_teacher_error": 0.00017178297275677323, "mean_protocol_diversity": 0.8218749761581421, "mean_protocol_entropy": 0.057000961154699326}, "student_responsiveness": 0.9997144207992615, "teacher_responsiveness": 0.9968875543271121}