{"mean_test_loss": 13.787525177001953, "mean_ground_truth_f1": 0.97375, "ground_truth_acc": 0.97375, "mean_student_error": 1.6500229835510254, "mean_teacher_error": 11.13749885559082, "mean_protocol_diversity": 1.0}