{"training_params_results": {"mean_test_loss": 1.1920928955078125e-07, "mean_ground_truth_f1": 1.0, "ground_truth_acc": 1.0, "mean_student_error": 1.7998535633087158, "mean_teacher_error": 0.24369388818740845, "mean_protocol_diversity": 1.0, "mean_protocol_entropy": 7.222239013367687e-35}, "vanilla_params_results": {"mean_test_loss": 1.1920928955078125e-07, "mean_ground_truth_f1": 1.0, "ground_truth_acc": 1.0, "mean_student_error": 1.8535804748535156, "mean_teacher_error": 0.25753459334373474, "mean_protocol_diversity": 1.0, "mean_protocol_entropy": 7.222239013367687e-35}}