{"mean_test_loss": 1.080370545387268, "mean_ground_truth_f1": 0.97875, "ground_truth_acc": 0.97875, "mean_student_error": 0.025693245232105255, "mean_teacher_error": 0.012177344411611557, "mean_protocol_diversity": 0.9787499904632568, "mean_protocol_entropy": 0.006800113711506128}