{"training_params_results": {"mean_test_loss": 1.647346834943164e-05, "mean_ground_truth_f1": 1.0, "ground_truth_acc": 1.0, "mean_student_error": 1.647346834943164e-05, "mean_teacher_error": 5.79345703125, "mean_protocol_diversity": 1.0, "mean_protocol_entropy": 7.222239013367687e-35}, "vanilla_params_results": {"mean_test_loss": 1.6875665096449666e-05, "mean_ground_truth_f1": 1.0, "ground_truth_acc": 1.0, "mean_student_error": 1.6875665096449666e-05, "mean_teacher_error": 5.862321376800537, "mean_protocol_diversity": 1.0, "mean_protocol_entropy": 7.222239013367687e-35}}