{"training_params_results": {"mean_test_loss": 1.0372095108032227, "mean_ground_truth_f1": 1.0, "ground_truth_acc": 1.0, "mean_student_error": 0.0005203649634495378, "mean_teacher_error": 0.03668863698840141, "mean_protocol_diversity": 1.0, "mean_protocol_entropy": 7.222239013367687e-35}, "vanilla_params_results": {"mean_test_loss": 1.0377087593078613, "mean_ground_truth_f1": 1.0, "ground_truth_acc": 1.0, "mean_student_error": 0.0004908643895760179, "mean_teacher_error": 0.037217434495687485, "mean_protocol_diversity": 1.0, "mean_protocol_entropy": 7.222239013367687e-35}}