{"mean_test_loss": 6.762070178985596, "mean_ground_truth_f1": 0.99375, "ground_truth_acc": 0.99375, "mean_student_error": 0.7632728815078735, "mean_teacher_error": 4.867547988891602, "mean_protocol_diversity": 0.934374988079071}