{"mean_test_loss": 1.0000553131103516, "mean_ground_truth_f1": 1.0, "ground_truth_acc": 1.0, "mean_student_error": 5.054125722381286e-05, "mean_teacher_error": 4.95333551953081e-06, "mean_protocol_diversity": 1.0}