{"mean_test_loss": 13.348343849182129, "mean_ground_truth_f1": 0.91, "ground_truth_acc": 0.91, "mean_student_error": 1.0779623985290527, "mean_teacher_error": 11.270373344421387, "mean_protocol_diversity": 1.0}