{"mean_test_loss": 14.1195707321167, "mean_ground_truth_f1": 0.33, "ground_truth_acc": 0.33, "mean_student_error": 0.5006126761436462, "mean_teacher_error": 12.618953704833984, "mean_protocol_diversity": 1.0}