{"mean_test_loss": 11.499829292297363, "mean_ground_truth_f1": 0.92625, "ground_truth_acc": 0.92625, "mean_student_error": 1.018247127532959, "mean_teacher_error": 9.416574478149414, "mean_protocol_diversity": 0.9674999713897705}