{"training_params_results": {"mean_test_loss": 0.005676697473973036, "mean_ground_truth_f1": 0.99875, "ground_truth_acc": 0.99875, "mean_student_error": 1.4767658710479736, "mean_teacher_error": 9.488672256469727, "mean_protocol_diversity": 1.0, "mean_protocol_entropy": 7.222239013367687e-35}, "vanilla_params_results": {"mean_test_loss": 0.007294052746146917, "mean_ground_truth_f1": 0.9975, "ground_truth_acc": 0.9975, "mean_student_error": 1.4007461071014404, "mean_teacher_error": 9.362039566040039, "mean_protocol_diversity": 1.0, "mean_protocol_entropy": 7.222239013367687e-35}}