{"mean_test_loss": 1.0180230140686035, "mean_ground_truth_f1": 0.995, "ground_truth_acc": 0.995, "mean_student_error": 0.0019464259967207909, "mean_teacher_error": 0.014826693572103977, "mean_protocol_diversity": 0.9993749856948853, "mean_protocol_entropy": 0.00020000337099190801}