{"mean_test_loss": 1.1502472162246704, "mean_ground_truth_f1": 0.96375, "ground_truth_acc": 0.96375, "mean_student_error": 0.051814690232276917, "mean_teacher_error": 0.0021824557334184647, "mean_protocol_diversity": 0.9518749713897705, "mean_protocol_entropy": 0.015400259755551815}