{"training_params_results": {"mean_test_loss": 1.0692390333133517e-06, "mean_ground_truth_f1": 1.0, "ground_truth_acc": 1.0, "mean_student_error": 3.9914824962615967, "mean_teacher_error": 3.9527525901794434, "mean_protocol_diversity": 0.925000011920929, "mean_protocol_entropy": 0.02400040440261364}, "vanilla_params_results": {"mean_test_loss": 8.297748195218446e-07, "mean_ground_truth_f1": 1.0, "ground_truth_acc": 1.0, "mean_student_error": 3.9351370334625244, "mean_teacher_error": 3.7516565322875977, "mean_protocol_diversity": 0.9112499952316284, "mean_protocol_entropy": 0.02840047888457775}}