{"mean_test_loss": 7.451269626617432, "mean_ground_truth_f1": 0.6275, "ground_truth_acc": 0.6275, "mean_student_error": 0.6137537360191345, "mean_teacher_error": 5.2800164222717285, "mean_protocol_diversity": 0.7295832633972168}