{"training_params_results": {"mean_test_loss": 5.804016609545215e-07, "mean_ground_truth_f1": 1.0, "ground_truth_acc": 1.0, "mean_student_error": 5.804016609545215e-07, "mean_teacher_error": 0.1373327076435089, "mean_protocol_diversity": 1.0, "mean_protocol_entropy": 7.222239013367687e-35}, "vanilla_params_results": {"mean_test_loss": 8.189703066818765e-07, "mean_ground_truth_f1": 1.0, "ground_truth_acc": 1.0, "mean_student_error": 8.189703066818765e-07, "mean_teacher_error": 0.13121967017650604, "mean_protocol_diversity": 1.0, "mean_protocol_entropy": 7.222239013367687e-35}}