{"mean_test_loss": 8.069575309753418, "mean_ground_truth_f1": 0.3525, "ground_truth_acc": 0.3525, "mean_student_error": 0.7017361521720886, "mean_teacher_error": 5.507836818695068, "mean_protocol_diversity": 0.6308335065841675}