{"training_params_results": {"mean_test_loss": 1.0000001192092896, "mean_ground_truth_f1": 1.0, "ground_truth_acc": 1.0, "mean_student_error": 1.1920928955078125e-07, "mean_teacher_error": 1.1920928955078125e-07, "mean_protocol_diversity": 1.0, "mean_protocol_entropy": 7.222239013367687e-35}, "vanilla_params_results": {"mean_test_loss": 6.303074836730957, "mean_ground_truth_f1": 0.47375, "ground_truth_acc": 0.47375, "mean_student_error": 3.784195899963379, "mean_teacher_error": 0.0001308481441810727, "mean_protocol_diversity": 0.4135417640209198, "mean_protocol_entropy": 0.9071968793869019}, "student_responsiveness": 0.9999998807907176, "teacher_responsiveness": 0.9999998807907176}