{"mean_test_loss": 13.790044784545898, "mean_ground_truth_f1": 0.96125, "ground_truth_acc": 0.96125, "mean_student_error": 0.8903034925460815, "mean_teacher_error": 11.899736404418945, "mean_protocol_diversity": 1.0}