{"training_params_results": {"mean_test_loss": 1.1987984294137277e-07, "mean_ground_truth_f1": 1.0, "ground_truth_acc": 1.0, "mean_student_error": 4.19559383392334, "mean_teacher_error": 4.5510101318359375, "mean_protocol_diversity": 0.9168750047683716, "mean_protocol_entropy": 0.026600446552038193}, "vanilla_params_results": {"mean_test_loss": 1.1950731959586847e-07, "mean_ground_truth_f1": 1.0, "ground_truth_acc": 1.0, "mean_student_error": 4.1838698387146, "mean_teacher_error": 4.4300432205200195, "mean_protocol_diversity": 0.9181249737739563, "mean_protocol_entropy": 0.026200441643595695}}