{"mean_test_loss": 12.644648551940918, "mean_ground_truth_f1": 0.56875, "ground_truth_acc": 0.56875, "mean_student_error": 1.3929916620254517, "mean_teacher_error": 10.126643180847168, "mean_protocol_diversity": 0.9391666650772095}