{"mean_test_loss": 11.806801795959473, "mean_ground_truth_f1": 0.345, "ground_truth_acc": 0.345, "mean_student_error": 0.43564119935035706, "mean_teacher_error": 10.164899826049805, "mean_protocol_diversity": 0.9014582633972168}