{"training_params_results": {"mean_test_loss": 1.0054219961166382, "mean_ground_truth_f1": 1.0, "ground_truth_acc": 1.0, "mean_student_error": 0.00047354173148050904, "mean_teacher_error": 0.004947529640048742, "mean_protocol_diversity": 1.0, "mean_protocol_entropy": 7.222239013367687e-35}, "vanilla_params_results": {"mean_test_loss": 1.0053467750549316, "mean_ground_truth_f1": 1.0, "ground_truth_acc": 1.0, "mean_student_error": 0.0004715795803349465, "mean_teacher_error": 0.004874490667134523, "mean_protocol_diversity": 1.0, "mean_protocol_entropy": 7.222239013367687e-35}}