{"training_params_results": {"mean_test_loss": 1.225898265838623, "mean_ground_truth_f1": 0.93875, "ground_truth_acc": 0.93875, "mean_student_error": 0.07703826576471329, "mean_teacher_error": 0.00011010703019564971, "mean_protocol_diversity": 0.9297916889190674, "mean_protocol_entropy": 0.03980504348874092}, "vanilla_params_results": {"mean_test_loss": 3.282022476196289, "mean_ground_truth_f1": 0.51875, "ground_truth_acc": 0.51875, "mean_student_error": 0.7794445753097534, "mean_teacher_error": 7.74956788518466e-05, "mean_protocol_diversity": 0.416250079870224, "mean_protocol_entropy": 0.883790910243988}, "student_responsiveness": 0.999841093038037, "teacher_responsiveness": 0.9999468538488578}