{"mean_test_loss": 5.433234691619873, "mean_ground_truth_f1": 0.99, "ground_truth_acc": 0.99, "mean_student_error": 0.595958411693573, "mean_teacher_error": 3.514777183532715, "mean_protocol_diversity": 0.8387500047683716}