{"mean_test_loss": 1.1149886846542358, "mean_ground_truth_f1": 0.97375, "ground_truth_acc": 0.97375, "mean_student_error": 0.035281144082546234, "mean_teacher_error": 0.007207691669464111, "mean_protocol_diversity": 0.9637500047683716, "mean_protocol_entropy": 0.011600195430219173}