{"training_params_results": {"mean_test_loss": 0.18292441964149475, "mean_ground_truth_f1": 0.92625, "ground_truth_acc": 0.92625, "mean_student_error": 0.23524995148181915, "mean_teacher_error": 9.002445220947266, "mean_protocol_diversity": 1.0, "mean_protocol_entropy": 7.222239013367687e-35}, "vanilla_params_results": {"mean_test_loss": 0.18987315893173218, "mean_ground_truth_f1": 0.93, "ground_truth_acc": 0.93, "mean_student_error": 0.23933254182338715, "mean_teacher_error": 9.150577545166016, "mean_protocol_diversity": 1.0, "mean_protocol_entropy": 7.222239013367687e-35}}