{"training_params_results": {"mean_test_loss": 1.1023924350738525, "mean_ground_truth_f1": 0.31375, "ground_truth_acc": 0.31375, "mean_student_error": 1.1009782552719116, "mean_teacher_error": 1.633463740348816, "mean_protocol_diversity": 0.33333292603492737, "mean_protocol_entropy": 1.6003745794296265}, "vanilla_params_results": {"mean_test_loss": 1.1026809215545654, "mean_ground_truth_f1": 0.315, "ground_truth_acc": 0.315, "mean_student_error": 1.1009782552719116, "mean_teacher_error": 1.6421602964401245, "mean_protocol_diversity": 0.33333292603492737, "mean_protocol_entropy": 1.6003745794296265}}