{"training_params_results": {"mean_test_loss": 2.4867913722991943, "mean_ground_truth_f1": 0.6525, "ground_truth_acc": 0.6525, "mean_student_error": 0.4867890179157257, "mean_teacher_error": 1.1920928955078125e-07, "mean_protocol_diversity": 0.5, "mean_protocol_entropy": 0.1600022315979004}, "vanilla_params_results": {"mean_test_loss": 2.4625837802886963, "mean_ground_truth_f1": 0.64, "ground_truth_acc": 0.64, "mean_student_error": 0.46258145570755005, "mean_teacher_error": 1.1920928955078125e-07, "mean_protocol_diversity": 0.5, "mean_protocol_entropy": 0.1600022315979004}}