{"mean_test_loss": 1.2229193449020386, "mean_ground_truth_f1": 0.95875, "ground_truth_acc": 0.95875, "mean_student_error": 0.07105480134487152, "mean_teacher_error": 0.009364830330014229, "mean_protocol_diversity": 0.9287499785423279, "mean_protocol_entropy": 0.0228003840893507}