{"training_params_results": {"mean_test_loss": 1.2166798057933192e-07, "mean_ground_truth_f1": 1.0, "ground_truth_acc": 1.0, "mean_student_error": 1.2166798057933192e-07, "mean_teacher_error": 8.196043968200684, "mean_protocol_diversity": 1.0, "mean_protocol_entropy": 7.222239013367687e-35}, "vanilla_params_results": {"mean_test_loss": 1.214444580455165e-07, "mean_ground_truth_f1": 1.0, "ground_truth_acc": 1.0, "mean_student_error": 1.214444580455165e-07, "mean_teacher_error": 7.536773681640625, "mean_protocol_diversity": 1.0, "mean_protocol_entropy": 7.222239013367687e-35}}