{"training_params_results": {"mean_test_loss": 1.015018105506897, "mean_ground_truth_f1": 1.0, "ground_truth_acc": 1.0, "mean_student_error": 0.00028790271608158946, "mean_teacher_error": 0.01473044604063034, "mean_protocol_diversity": 1.0, "mean_protocol_entropy": 7.222239013367687e-35}, "vanilla_params_results": {"mean_test_loss": 1.0141850709915161, "mean_ground_truth_f1": 1.0, "ground_truth_acc": 1.0, "mean_student_error": 0.00027426195447333157, "mean_teacher_error": 0.013910787180066109, "mean_protocol_diversity": 1.0, "mean_protocol_entropy": 7.222239013367687e-35}}