{"mean_test_loss": 1.4325467348098755, "mean_ground_truth_f1": 0.9125, "ground_truth_acc": 0.9125, "mean_student_error": 0.12612630426883698, "mean_teacher_error": 0.05392001196742058, "mean_protocol_diversity": 0.8737499713897705, "mean_protocol_entropy": 0.0404006764292717}