{"mean_test_loss": 1.2137439250946045, "mean_ground_truth_f1": 0.95125, "ground_truth_acc": 0.95125, "mean_student_error": 0.07500056177377701, "mean_teacher_error": 0.003743360284715891, "mean_protocol_diversity": 0.9325000047683716, "mean_protocol_entropy": 0.02160036377608776}