{"mean_test_loss": 1.0559699535369873, "mean_ground_truth_f1": 0.98625, "ground_truth_acc": 0.98625, "mean_student_error": 0.015152912586927414, "mean_teacher_error": 0.01581686921417713, "mean_protocol_diversity": 0.987500011920929, "mean_protocol_entropy": 0.0040000672452151775}