{"mean_test_loss": 5.867817890248261e-06, "mean_ground_truth_f1": 1.0, "ground_truth_acc": 1.0, "mean_student_error": 5.867817890248261e-06, "mean_teacher_error": 10.068805694580078, "mean_protocol_diversity": 1.0}