{"training_params_results": {"mean_test_loss": 1.01277494430542, "mean_ground_truth_f1": 1.0, "ground_truth_acc": 1.0, "mean_student_error": 0.0007029962725937366, "mean_teacher_error": 0.01207209937274456, "mean_protocol_diversity": 1.0, "mean_protocol_entropy": 7.222239013367687e-35}, "vanilla_params_results": {"mean_test_loss": 1.0131760835647583, "mean_ground_truth_f1": 1.0, "ground_truth_acc": 1.0, "mean_student_error": 0.0007735221297480166, "mean_teacher_error": 0.01240290142595768, "mean_protocol_diversity": 1.0, "mean_protocol_entropy": 7.222239013367687e-35}}