{"mean_test_loss": 6.499066352844238, "mean_ground_truth_f1": 0.97125, "ground_truth_acc": 0.97125, "mean_student_error": 0.7994323968887329, "mean_teacher_error": 4.1996331214904785, "mean_protocol_diversity": 0.75}