{"training_params_results": {"mean_test_loss": 1.12593412399292, "mean_ground_truth_f1": 0.975, "ground_truth_acc": 0.975, "mean_student_error": 0.03509758785367012, "mean_teacher_error": 0.02458646334707737, "mean_protocol_diversity": 0.9668750166893005, "mean_protocol_entropy": 0.010600178502500057}, "vanilla_params_results": {"mean_test_loss": 1.0000311136245728, "mean_ground_truth_f1": 1.0, "ground_truth_acc": 1.0, "mean_student_error": 1.581190554134082e-05, "mean_teacher_error": 1.5057653399708215e-05, "mean_protocol_diversity": 1.0, "mean_protocol_entropy": 7.222239013367687e-35}, "student_responsiveness": 0.9856676562753593, "teacher_responsiveness": 0.7633656084790784}