{"mean_test_loss": 13.701512336730957, "mean_ground_truth_f1": 0.325, "ground_truth_acc": 0.325, "mean_student_error": 0.5646778345108032, "mean_teacher_error": 12.136831283569336, "mean_protocol_diversity": 1.0}