{"mean_test_loss": 1.226446270942688, "mean_ground_truth_f1": 0.95625, "ground_truth_acc": 0.95625, "mean_student_error": 0.06644640117883682, "mean_teacher_error": 4.419889876317029e-07, "mean_protocol_diversity": 0.9200000166893005}