{"mean_test_loss": 10.314118385314941, "mean_ground_truth_f1": 0.7887499999999998, "ground_truth_acc": 0.78875, "mean_student_error": 0.6749607920646667, "mean_teacher_error": 8.460400581359863, "mean_protocol_diversity": 0.9106249809265137}