{"mean_test_loss": 10.874225616455078, "mean_ground_truth_f1": 0.60625, "ground_truth_acc": 0.60625, "mean_student_error": 0.7480596899986267, "mean_teacher_error": 8.951159477233887, "mean_protocol_diversity": 0.9137499928474426}