{"mean_test_loss": 1.3988542556762695, "mean_ground_truth_f1": 0.35500000000000004, "ground_truth_acc": 0.355, "mean_student_error": 1.4033199548721313, "mean_teacher_error": 9.535826683044434, "mean_protocol_diversity": 0.4393751621246338}