{"mean_test_loss": 6.3805012702941895, "mean_ground_truth_f1": 0.84125, "ground_truth_acc": 0.84125, "mean_student_error": 0.7585378885269165, "mean_teacher_error": 3.896963596343994, "mean_protocol_diversity": 0.637499988079071}