{"mean_test_loss": 0.469085156917572, "mean_ground_truth_f1": 0.6725, "mean_student_error": 2.2780044078826904, "mean_teacher_error": 10.073284149169922, "mean_protocol_diversity": 0.5}