{"training_params_results": {"mean_test_loss": 0.2615920901298523, "mean_ground_truth_f1": 0.87875, "ground_truth_acc": 0.87875, "mean_student_error": 0.2615920901298523, "mean_teacher_error": 7.484505653381348, "mean_protocol_diversity": 1.0, "mean_protocol_entropy": 7.222239013367687e-35}, "vanilla_params_results": {"mean_test_loss": 0.2765149176120758, "mean_ground_truth_f1": 0.85625, "ground_truth_acc": 0.85625, "mean_student_error": 0.2765149176120758, "mean_teacher_error": 7.311778545379639, "mean_protocol_diversity": 1.0, "mean_protocol_entropy": 7.222239013367687e-35}}