{"mean_test_loss": 8.819416046142578, "mean_ground_truth_f1": 0.3475, "ground_truth_acc": 0.3475, "mean_student_error": 0.5988176465034485, "mean_teacher_error": 6.546841621398926, "mean_protocol_diversity": 0.6631249785423279}