{"mean_test_loss": 1.2092565298080444, "mean_ground_truth_f1": 0.9500000000000001, "ground_truth_acc": 0.95, "mean_student_error": 0.06924375891685486, "mean_teacher_error": 1.325061748502776e-05, "mean_protocol_diversity": 0.9308333396911621}