{"mean_test_loss": 6.007325649261475, "mean_ground_truth_f1": 0.9925, "ground_truth_acc": 0.9925, "mean_student_error": 0.5004104375839233, "mean_teacher_error": 4.313164234161377, "mean_protocol_diversity": 0.903124988079071}