{"training_params_results": {"mean_test_loss": 1.033779263496399, "mean_ground_truth_f1": 0.98875, "ground_truth_acc": 0.98875, "mean_student_error": 0.0024573493283241987, "mean_teacher_error": 0.03007173351943493, "mean_protocol_diversity": 0.9993749856948853, "mean_protocol_entropy": 0.00020000337099190801}, "vanilla_params_results": {"mean_test_loss": 1.000654697418213, "mean_ground_truth_f1": 1.0, "ground_truth_acc": 1.0, "mean_student_error": 0.00012897564738523215, "mean_teacher_error": 0.0005254847346805036, "mean_protocol_diversity": 1.0, "mean_protocol_entropy": 7.222239013367687e-35}, "student_responsiveness": 0.9921667522960375, "teacher_responsiveness": 0.8482227547303605}