{"training_params_results": {"mean_test_loss": 1.2635478973388672, "mean_ground_truth_f1": 0.9375, "ground_truth_acc": 0.9375, "mean_student_error": 0.08345505595207214, "mean_teacher_error": 9.287531429436058e-05, "mean_protocol_diversity": 0.9100000262260437, "mean_protocol_entropy": 0.028800485655665398}, "vanilla_params_results": {"mean_test_loss": 2.0253384113311768, "mean_ground_truth_f1": 0.7662500000000001, "ground_truth_acc": 0.76625, "mean_student_error": 0.3228381276130676, "mean_teacher_error": 9.92940158539568e-07, "mean_protocol_diversity": 0.6487500071525574, "mean_protocol_entropy": 0.11240170150995255}, "student_responsiveness": 0.9998168363071966, "teacher_responsiveness": 0.9991830015665448}