{"mean_test_loss": 1.9884456396102905, "mean_ground_truth_f1": 0.3225, "ground_truth_acc": 0.3225, "mean_student_error": 1.9878329038619995, "mean_teacher_error": 5.204249382019043, "mean_protocol_diversity": 0.5}