{"mean_test_loss": 3.7014410495758057, "mean_ground_truth_f1": 0.98875, "ground_truth_acc": 0.98875, "mean_student_error": 0.2931090295314789, "mean_teacher_error": 2.3183321952819824, "mean_protocol_diversity": 0.9549999833106995}