{"training_params_results": {"mean_test_loss": 1.0897732973098755, "mean_ground_truth_f1": 0.98625, "ground_truth_acc": 0.98625, "mean_student_error": 0.028381524607539177, "mean_teacher_error": 0.00014166193432174623, "mean_protocol_diversity": 0.9693750143051147, "mean_protocol_entropy": 0.009800164960324764}, "vanilla_params_results": {"mean_test_loss": 1.721835732460022, "mean_ground_truth_f1": 0.84375, "ground_truth_acc": 0.84375, "mean_student_error": 0.22894291579723358, "mean_teacher_error": 0.00039406068390235305, "mean_protocol_diversity": 0.7537500262260437, "mean_protocol_entropy": 0.07880131900310516}, "student_responsiveness": 0.9998715778597075, "teacher_responsiveness": 0.9997880287710454}