{"training_params_results": {"mean_test_loss": 1.1920928955078125e-07, "mean_ground_truth_f1": 1.0, "ground_truth_acc": 1.0, "mean_student_error": 1.2222888469696045, "mean_teacher_error": 4.158375263214111, "mean_protocol_diversity": 1.0, "mean_protocol_entropy": 7.222239013367687e-35}, "vanilla_params_results": {"mean_test_loss": 1.1920928955078125e-07, "mean_ground_truth_f1": 1.0, "ground_truth_acc": 1.0, "mean_student_error": 1.0745395421981812, "mean_teacher_error": 4.4067063331604, "mean_protocol_diversity": 1.0, "mean_protocol_entropy": 7.222239013367687e-35}}