{"training_params_results": {"mean_test_loss": 1.3320229053497314, "mean_ground_truth_f1": 0.91625, "ground_truth_acc": 0.91625, "mean_student_error": 0.11097905784845352, "mean_teacher_error": 0.004793723113834858, "mean_protocol_diversity": 0.8918750286102295, "mean_protocol_entropy": 0.03460058197379112}, "vanilla_params_results": {"mean_test_loss": 2.009014844894409, "mean_ground_truth_f1": 0.7725000000000001, "ground_truth_acc": 0.7725, "mean_student_error": 0.3273560404777527, "mean_teacher_error": 0.0004086760454811156, "mean_protocol_diversity": 0.659375011920929, "mean_protocol_entropy": 0.10900166630744934}, "student_responsiveness": 0.9971787939952562, "teacher_responsiveness": 0.9744072897469291}