{"training_params_results": {"mean_test_loss": 1.1715471744537354, "mean_ground_truth_f1": 0.97, "ground_truth_acc": 0.97, "mean_student_error": 0.050296880304813385, "mean_teacher_error": 7.763721896481002e-07, "mean_protocol_diversity": 0.9393749833106995, "mean_protocol_entropy": 0.019400326535105705}, "vanilla_params_results": {"mean_test_loss": 2.4682137966156006, "mean_ground_truth_f1": 0.6575, "ground_truth_acc": 0.6575, "mean_student_error": 0.46821317076683044, "mean_teacher_error": 1.503527187196596e-07, "mean_protocol_diversity": 0.5, "mean_protocol_entropy": 0.1600022315979004}, "student_responsiveness": 0.9999940995404722, "teacher_responsiveness": 0.9999991141797808}