{"training_params_results": {"mean_test_loss": 1.1002631187438965, "mean_ground_truth_f1": 0.34625, "ground_truth_acc": 0.34625, "mean_student_error": 1.1009098291397095, "mean_teacher_error": 3.098522901535034, "mean_protocol_diversity": 0.33333292603492737, "mean_protocol_entropy": 1.6003745794296265}, "vanilla_params_results": {"mean_test_loss": 1.0973187685012817, "mean_ground_truth_f1": 0.36, "ground_truth_acc": 0.36, "mean_student_error": 1.1009098291397095, "mean_teacher_error": 3.270632266998291, "mean_protocol_diversity": 0.33333292603492737, "mean_protocol_entropy": 1.6003745794296265}}