{"mean_test_loss": 3.2440199851989746, "mean_ground_truth_f1": 0.68125, "ground_truth_acc": 0.68125, "mean_student_error": 0.4555671811103821, "mean_teacher_error": 0.7884515523910522, "mean_protocol_diversity": 0.5}