{"training_params_results": {"mean_test_loss": 1.0000001192092896, "mean_ground_truth_f1": 1.0, "ground_truth_acc": 1.0, "mean_student_error": 1.1920928955078125e-07, "mean_teacher_error": 1.1920928955078125e-07, "mean_protocol_diversity": 1.0, "mean_protocol_entropy": 7.222239013367687e-35}, "vanilla_params_results": {"mean_test_loss": 7.25132942199707, "mean_ground_truth_f1": 0.4125, "ground_truth_acc": 0.4125, "mean_student_error": 4.586182117462158, "mean_teacher_error": 0.00014078612730372697, "mean_protocol_diversity": 0.3891667127609253, "mean_protocol_entropy": 1.11785089969635}, "student_responsiveness": 0.9999998807907176, "teacher_responsiveness": 0.9999998807907176}