{"training_params_results": {"mean_test_loss": 1.1920928955078125e-07, "mean_ground_truth_f1": 1.0, "ground_truth_acc": 1.0, "mean_student_error": 2.797161340713501, "mean_teacher_error": 1.6163663864135742, "mean_protocol_diversity": 0.9337499737739563, "mean_protocol_entropy": 0.021200357005000114}, "vanilla_params_results": {"mean_test_loss": 1.1920928955078125e-07, "mean_ground_truth_f1": 1.0, "ground_truth_acc": 1.0, "mean_student_error": 3.2336935997009277, "mean_teacher_error": 2.110325574874878, "mean_protocol_diversity": 0.9356250166893005, "mean_protocol_entropy": 0.020600346848368645}}