{"training_params_results": {"mean_test_loss": 1.1157439947128296, "mean_ground_truth_f1": 0.9725, "ground_truth_acc": 0.9725, "mean_student_error": 0.03456069901585579, "mean_teacher_error": 0.00743322866037488, "mean_protocol_diversity": 0.9631249904632568, "mean_protocol_entropy": 0.011800198815762997}, "vanilla_params_results": {"mean_test_loss": 2.4610564708709717, "mean_ground_truth_f1": 0.64375, "ground_truth_acc": 0.64375, "mean_student_error": 0.4593068063259125, "mean_teacher_error": 0.0017481882823631167, "mean_protocol_diversity": 0.5, "mean_protocol_entropy": 0.1600022315979004}, "student_responsiveness": 0.999330738224468, "teacher_responsiveness": 0.9962364897390894}