{"training_params_results": {"mean_test_loss": 1.2078734636306763, "mean_ground_truth_f1": 0.96625, "ground_truth_acc": 0.96625, "mean_student_error": 0.06297701597213745, "mean_teacher_error": 0.014896449632942677, "mean_protocol_diversity": 0.9350000023841858, "mean_protocol_entropy": 0.020800350233912468}, "vanilla_params_results": {"mean_test_loss": 2.458310604095459, "mean_ground_truth_f1": 0.6825, "ground_truth_acc": 0.6825, "mean_student_error": 0.45707181096076965, "mean_teacher_error": 0.0012374194338917732, "mean_protocol_diversity": 0.5, "mean_protocol_entropy": 0.1600022315979004}, "student_responsiveness": 0.9986460706363975, "teacher_responsiveness": 0.9733276134062682}