{"mean_test_loss": 1.1947051286697388, "mean_ground_truth_f1": 0.9475, "ground_truth_acc": 0.9475, "mean_student_error": 0.06403458118438721, "mean_teacher_error": 0.001920604147017002, "mean_protocol_diversity": 0.9372916221618652, "mean_protocol_entropy": 0.027002206072211266}