{"mean_test_loss": 7.301206892407208e-07, "mean_ground_truth_f1": 1.0, "ground_truth_acc": 1.0, "mean_student_error": 0.575202465057373, "mean_teacher_error": 9.813592910766602, "mean_protocol_diversity": 1.0}