{"mean_test_loss": 6.336395263671875, "mean_ground_truth_f1": 0.66125, "ground_truth_acc": 0.66125, "mean_student_error": 0.5266261100769043, "mean_teacher_error": 4.186021327972412, "mean_protocol_diversity": 0.6927082538604736}