{"training_params_results": {"mean_test_loss": 3.927403304260224e-05, "mean_ground_truth_f1": 1.0, "ground_truth_acc": 1.0, "mean_student_error": 3.927403304260224e-05, "mean_teacher_error": 0.018519971519708633, "mean_protocol_diversity": 1.0, "mean_protocol_entropy": 7.222239013367687e-35}, "vanilla_params_results": {"mean_test_loss": 3.683586692204699e-05, "mean_ground_truth_f1": 1.0, "ground_truth_acc": 1.0, "mean_student_error": 3.683586692204699e-05, "mean_teacher_error": 0.018220610916614532, "mean_protocol_diversity": 1.0, "mean_protocol_entropy": 7.222239013367687e-35}}