{"training_params_results": {"mean_test_loss": 1.1920928955078125e-07, "mean_ground_truth_f1": 1.0, "ground_truth_acc": 1.0, "mean_student_error": 2.139005184173584, "mean_teacher_error": 2.096911668777466, "mean_protocol_diversity": 0.9543750286102295, "mean_protocol_entropy": 0.014600246213376522}, "vanilla_params_results": {"mean_test_loss": 1.1920928955078125e-07, "mean_ground_truth_f1": 1.0, "ground_truth_acc": 1.0, "mean_student_error": 2.0584146976470947, "mean_teacher_error": 2.1370086669921875, "mean_protocol_diversity": 0.9524999856948853, "mean_protocol_entropy": 0.015200256370007992}}