{"training_params_results": {"mean_test_loss": 1.1943281208459666e-07, "mean_ground_truth_f1": 1.0, "ground_truth_acc": 1.0, "mean_student_error": 1.1148347854614258, "mean_teacher_error": 8.184527397155762, "mean_protocol_diversity": 1.0, "mean_protocol_entropy": 7.222239013367687e-35}, "vanilla_params_results": {"mean_test_loss": 1.1935830457332486e-07, "mean_ground_truth_f1": 1.0, "ground_truth_acc": 1.0, "mean_student_error": 1.1010353565216064, "mean_teacher_error": 8.241657257080078, "mean_protocol_diversity": 1.0, "mean_protocol_entropy": 7.222239013367687e-35}}