{"training_params_results": {"mean_test_loss": 0.5709918737411499, "mean_ground_truth_f1": 0.6775, "ground_truth_acc": 0.6775, "mean_student_error": 0.5798189640045166, "mean_teacher_error": 5.957509994506836, "mean_protocol_diversity": 0.9962499737739563, "mean_protocol_entropy": 0.0012000201968476176}, "vanilla_params_results": {"mean_test_loss": 0.6019390225410461, "mean_ground_truth_f1": 0.65375, "ground_truth_acc": 0.65375, "mean_student_error": 0.6219900250434875, "mean_teacher_error": 5.899862289428711, "mean_protocol_diversity": 0.9981250166893005, "mean_protocol_entropy": 0.0006000100984238088}}