{"mean_test_loss": 0.4827045798301697, "mean_ground_truth_f1": 0.64375, "mean_student_error": 2.4317660331726074, "mean_teacher_error": 10.065320014953613, "mean_protocol_diversity": 0.5}