{"mean_test_loss": 0.4749378561973572, "mean_ground_truth_f1": 0.6675, "ground_truth_acc": 0.6675, "mean_student_error": 1.1697239875793457, "mean_teacher_error": 6.622073173522949, "mean_protocol_diversity": 0.6762499809265137}