{"training_params_results": {"mean_test_loss": 1.0382306575775146, "mean_ground_truth_f1": 0.9925, "ground_truth_acc": 0.9925, "mean_student_error": 0.013170930556952953, "mean_teacher_error": 0.012559660710394382, "mean_protocol_diversity": 0.9937499761581421, "mean_protocol_entropy": 0.0020000336226075888}, "vanilla_params_results": {"mean_test_loss": 1.0000457763671875, "mean_ground_truth_f1": 1.0, "ground_truth_acc": 1.0, "mean_student_error": 1.963987415365409e-05, "mean_teacher_error": 2.598852188384626e-05, "mean_protocol_diversity": 1.0, "mean_protocol_entropy": 7.222239013367687e-35}, "student_responsiveness": 0.8917647892170473, "teacher_responsiveness": 0.8203962103845265}