{"mean_test_loss": 1.1920928955078125e-07, "mean_ground_truth_f1": 1.0, "ground_truth_acc": 1.0, "mean_student_error": 0.48354294896125793, "mean_teacher_error": 9.991572380065918, "mean_protocol_diversity": 1.0}