{"training_params_results": {"mean_test_loss": 1.0268385410308838, "mean_ground_truth_f1": 0.99625, "ground_truth_acc": 0.99625, "mean_student_error": 0.009042168036103249, "mean_teacher_error": 0.010296723805367947, "mean_protocol_diversity": 0.9962499737739563, "mean_protocol_entropy": 0.0012000201968476176}, "vanilla_params_results": {"mean_test_loss": 1.0001251697540283, "mean_ground_truth_f1": 1.0, "ground_truth_acc": 1.0, "mean_student_error": 4.1063678509090096e-05, "mean_teacher_error": 8.430291927652434e-05, "mean_protocol_diversity": 1.0, "mean_protocol_entropy": 7.222239013367687e-35}, "student_responsiveness": 0.9343003423401007, "teacher_responsiveness": 0.748950840512015}