{"mean_test_loss": 1.1021744012832642, "mean_ground_truth_f1": 0.97375, "ground_truth_acc": 0.97375, "mean_student_error": 0.03217388689517975, "mean_teacher_error": 7.961410233292554e-07, "mean_protocol_diversity": 0.9649999737739563}