{"training_params_results": {"mean_test_loss": 1.0443675518035889, "mean_ground_truth_f1": 0.99, "ground_truth_acc": 0.99, "mean_student_error": 0.014192316681146622, "mean_teacher_error": 0.00017513945931568742, "mean_protocol_diversity": 0.9850000143051147, "mean_protocol_entropy": 0.0048000807873904705}, "vanilla_params_results": {"mean_test_loss": 3.3677639961242676, "mean_ground_truth_f1": 0.51625, "ground_truth_acc": 0.51625, "mean_student_error": 0.8689311742782593, "mean_teacher_error": 0.003831887152045965, "mean_protocol_diversity": 0.4175000786781311, "mean_protocol_entropy": 0.8729881048202515}, "student_responsiveness": 0.9998347905918942, "teacher_responsiveness": 0.9998385298377924}