{"training_params_results": {"mean_test_loss": 0.5646845102310181, "mean_ground_truth_f1": 0.62125, "ground_truth_acc": 0.62125, "mean_student_error": 0.5656176209449768, "mean_teacher_error": 7.876527786254883, "mean_protocol_diversity": 0.5, "mean_protocol_entropy": 0.1600022315979004}, "vanilla_params_results": {"mean_test_loss": 0.5810724496841431, "mean_ground_truth_f1": 0.62875, "ground_truth_acc": 0.62875, "mean_student_error": 0.5817282795906067, "mean_teacher_error": 8.039791107177734, "mean_protocol_diversity": 0.5, "mean_protocol_entropy": 0.1600022315979004}}