{"training_params_results": {"mean_test_loss": 0.48952171206474304, "mean_ground_truth_f1": 0.6475, "ground_truth_acc": 0.6475, "mean_student_error": 0.4894525110721588, "mean_teacher_error": 12.29736042022705, "mean_protocol_diversity": 0.5, "mean_protocol_entropy": 0.1600022315979004}, "vanilla_params_results": {"mean_test_loss": 0.4880615472793579, "mean_ground_truth_f1": 0.65375, "ground_truth_acc": 0.65375, "mean_student_error": 0.4816555082798004, "mean_teacher_error": 11.311624526977539, "mean_protocol_diversity": 0.5, "mean_protocol_entropy": 0.1600022315979004}}