{"training_params_results": {"mean_test_loss": 1.6526375475223176e-05, "mean_ground_truth_f1": 1.0, "ground_truth_acc": 1.0, "mean_student_error": 3.8087570667266846, "mean_teacher_error": 3.8124639987945557, "mean_protocol_diversity": 0.9262499809265137, "mean_protocol_entropy": 0.023600397631525993}, "vanilla_params_results": {"mean_test_loss": 1.804205749067478e-05, "mean_ground_truth_f1": 1.0, "ground_truth_acc": 1.0, "mean_student_error": 3.7125966548919678, "mean_teacher_error": 3.740222692489624, "mean_protocol_diversity": 0.9368749856948853, "mean_protocol_entropy": 0.020200340077280998}}