{"training_params_results": {"mean_test_loss": 2.8900856818836473e-07, "mean_ground_truth_f1": 1.0, "ground_truth_acc": 1.0, "mean_student_error": 2.8900856818836473e-07, "mean_teacher_error": 5.65277099609375, "mean_protocol_diversity": 1.0, "mean_protocol_entropy": 7.222239013367687e-35}, "vanilla_params_results": {"mean_test_loss": 5.559024316426076e-07, "mean_ground_truth_f1": 1.0, "ground_truth_acc": 1.0, "mean_student_error": 5.559024316426076e-07, "mean_teacher_error": 5.518975734710693, "mean_protocol_diversity": 1.0, "mean_protocol_entropy": 7.222239013367687e-35}}