{"mean_test_loss": 0.45672836899757385, "mean_ground_truth_f1": 0.67625, "ground_truth_acc": 0.67625, "mean_student_error": 1.156762719154358, "mean_teacher_error": 6.673388481140137, "mean_protocol_diversity": 0.6756250262260437}