{"zero_shot_coordination_scores": [{"vanilla_params_test_metrics": [{"mean_test_loss": 1.0999033451080322, "mean_ground_truth_f1": 0.29375, "ground_truth_acc": 0.29375, "mean_student_error": 1.0994983911514282, "mean_teacher_error": 1.6657928228378296, "mean_protocol_diversity": 0.4416666626930237, "mean_protocol_entropy": 0.6641333699226379}, {"mean_test_loss": 4.825342655181885, "mean_ground_truth_f1": 0.36875, "ground_truth_acc": 0.36875, "mean_student_error": 4.9463348388671875, "mean_teacher_error": 1.4578135013580322, "mean_protocol_diversity": 0.33333322405815125, "mean_protocol_entropy": 1.6003763675689697}], "training_params_test_metrics": [{"mean_test_loss": 1.1016180515289307, "mean_ground_truth_f1": 0.26875, "ground_truth_acc": 0.26875, "mean_student_error": 1.0982156991958618, "mean_teacher_error": 11.377434730529785, "mean_protocol_diversity": 0.48750001192092896, "mean_protocol_entropy": 0.2680307626724243}, {"mean_test_loss": 4.4401421546936035, "mean_ground_truth_f1": 0.375, "ground_truth_acc": 0.375, "mean_student_error": 4.433443546295166, "mean_teacher_error": 1.6152846813201904, "mean_protocol_diversity": 0.33333322405815125, "mean_protocol_entropy": 1.6003763675689697}]}]}