{"training_params_results": {"mean_test_loss": 1.0059852600097656, "mean_ground_truth_f1": 0.9975, "ground_truth_acc": 0.9975, "mean_student_error": 0.003318707924336195, "mean_teacher_error": 0.0026668873615562916, "mean_protocol_diversity": 1.0, "mean_protocol_entropy": 7.222239013367687e-35}, "vanilla_params_results": {"mean_test_loss": 1.0000613927841187, "mean_ground_truth_f1": 1.0, "ground_truth_acc": 1.0, "mean_student_error": 4.5004479034105316e-05, "mean_teacher_error": 1.695933679002337e-05, "mean_protocol_diversity": 1.0, "mean_protocol_entropy": 7.222239013367687e-35}, "student_responsiveness": 0.9703591566618938, "teacher_responsiveness": 0.9096543121965341}