{"mean_test_loss": 6.757749080657959, "mean_ground_truth_f1": 0.45625, "ground_truth_acc": 0.45625, "mean_student_error": 0.9574026465415955, "mean_teacher_error": 4.100346565246582, "mean_protocol_diversity": 0.6841667294502258}