{"training_params_results": {"mean_test_loss": 9.334841024610796e-07, "mean_ground_truth_f1": 1.0, "ground_truth_acc": 1.0, "mean_student_error": 9.334841024610796e-07, "mean_teacher_error": 0.040201302617788315, "mean_protocol_diversity": 1.0, "mean_protocol_entropy": 7.222239013367687e-35}, "vanilla_params_results": {"mean_test_loss": 8.542844511794101e-07, "mean_ground_truth_f1": 1.0, "ground_truth_acc": 1.0, "mean_student_error": 8.542844511794101e-07, "mean_teacher_error": 0.040449608117341995, "mean_protocol_diversity": 1.0, "mean_protocol_entropy": 7.222239013367687e-35}}