{"training_params_results": {"mean_test_loss": 1.1920928955078125e-07, "mean_ground_truth_f1": 1.0, "ground_truth_acc": 1.0, "mean_student_error": 1.1819934844970703, "mean_teacher_error": 8.126131057739258, "mean_protocol_diversity": 1.0, "mean_protocol_entropy": 7.222239013367687e-35}, "vanilla_params_results": {"mean_test_loss": 1.1920928955078125e-07, "mean_ground_truth_f1": 1.0, "ground_truth_acc": 1.0, "mean_student_error": 1.2491521835327148, "mean_teacher_error": 7.980607986450195, "mean_protocol_diversity": 1.0, "mean_protocol_entropy": 7.222239013367687e-35}}