{"mean_test_loss": 1.4048558473587036, "mean_ground_truth_f1": 0.915, "ground_truth_acc": 0.915, "mean_student_error": 0.11985602974891663, "mean_teacher_error": 1.2263654980415595e-07, "mean_protocol_diversity": 0.8575000166893005}