{"training_params_results": {"mean_test_loss": 1.0000001192092896, "mean_ground_truth_f1": 1.0, "ground_truth_acc": 1.0, "mean_student_error": 1.1920928955078125e-07, "mean_teacher_error": 1.1920928955078125e-07, "mean_protocol_diversity": 1.0, "mean_protocol_entropy": 7.222239013367687e-35}, "vanilla_params_results": {"mean_test_loss": 6.241345405578613, "mean_ground_truth_f1": 0.5125, "ground_truth_acc": 0.5125, "mean_student_error": 3.7574868202209473, "mean_teacher_error": 0.00011055669892812148, "mean_protocol_diversity": 0.41937506198883057, "mean_protocol_entropy": 0.8567839860916138}, "student_responsiveness": 0.9999998807907176, "teacher_responsiveness": 0.9999998807907176}