{"training_params_results": {"mean_test_loss": 1.0206332206726074, "mean_ground_truth_f1": 0.9925, "ground_truth_acc": 0.9925, "mean_student_error": 0.005615019705146551, "mean_teacher_error": 0.015017717145383358, "mean_protocol_diversity": 1.0, "mean_protocol_entropy": 7.222239013367687e-35}, "vanilla_params_results": {"mean_test_loss": 1.0001089572906494, "mean_ground_truth_f1": 1.0, "ground_truth_acc": 1.0, "mean_student_error": 6.592756108148023e-05, "mean_teacher_error": 4.250321944709867e-05, "mean_protocol_diversity": 1.0, "mean_protocol_entropy": 7.222239013367687e-35}, "student_responsiveness": 0.7074297623336947, "teacher_responsiveness": 0.7153477378359514}