{"training_params_results": {"mean_test_loss": 0.7856488227844238, "mean_ground_truth_f1": 0.57875, "ground_truth_acc": 0.57875, "mean_student_error": 1.0220290422439575, "mean_teacher_error": 5.377356052398682, "mean_protocol_diversity": 0.890625, "mean_protocol_entropy": 0.03500058874487877}, "vanilla_params_results": {"mean_test_loss": 0.7748554944992065, "mean_ground_truth_f1": 0.55625, "ground_truth_acc": 0.55625, "mean_student_error": 0.9997078776359558, "mean_teacher_error": 5.054652214050293, "mean_protocol_diversity": 0.8962500095367432, "mean_protocol_entropy": 0.03320055827498436}}