{"training_params_results": {"mean_test_loss": 1.154719591140747, "mean_ground_truth_f1": 0.965, "ground_truth_acc": 0.965, "mean_student_error": 0.04721367359161377, "mean_teacher_error": 6.162385489005828e-06, "mean_protocol_diversity": 0.9462500214576721, "mean_protocol_entropy": 0.01720028929412365}, "vanilla_params_results": {"mean_test_loss": 2.2561092376708984, "mean_ground_truth_f1": 0.70125, "ground_truth_acc": 0.70125, "mean_student_error": 0.4211069941520691, "mean_teacher_error": 2.251517798868008e-06, "mean_protocol_diversity": 0.5824999809265137, "mean_protocol_entropy": 0.13360193371772766}, "student_responsiveness": 0.99992013233986, "teacher_responsiveness": 0.9999910207628321}