{"training_params_results": {"mean_test_loss": 1.154539704322815, "mean_ground_truth_f1": 0.965, "ground_truth_acc": 0.965, "mean_student_error": 0.05075302720069885, "mean_teacher_error": 3.716068385983817e-05, "mean_protocol_diversity": 0.9481250047683716, "mean_protocol_entropy": 0.01660027913749218}, "vanilla_params_results": {"mean_test_loss": 1.0000015497207642, "mean_ground_truth_f1": 1.0, "ground_truth_acc": 1.0, "mean_student_error": 2.053987373074051e-06, "mean_teacher_error": 1.2472271748720232e-07, "mean_protocol_diversity": 1.0, "mean_protocol_entropy": 7.222239013367687e-35}, "student_responsiveness": 0.9997913863267209, "teacher_responsiveness": 0.9729086079942136}