{"training_params_results": {"mean_test_loss": 1.099005103111267, "mean_ground_truth_f1": 0.3225, "ground_truth_acc": 0.3225, "mean_student_error": 1.098646879196167, "mean_teacher_error": 1.6682274341583252, "mean_protocol_diversity": 0.33333292603492737, "mean_protocol_entropy": 1.6003745794296265}, "vanilla_params_results": {"mean_test_loss": 1.0984569787979126, "mean_ground_truth_f1": 0.35125, "ground_truth_acc": 0.35125, "mean_student_error": 1.098646879196167, "mean_teacher_error": 1.6500117778778076, "mean_protocol_diversity": 0.33333292603492737, "mean_protocol_entropy": 1.6003745794296265}}