{"training_params_results": {"mean_test_loss": 1.0591630935668945, "mean_ground_truth_f1": 0.98625, "ground_truth_acc": 0.98625, "mean_student_error": 0.018033424392342567, "mean_teacher_error": 0.032379794865846634, "mean_protocol_diversity": 0.9956250190734863, "mean_protocol_entropy": 0.0014000235823914409}, "vanilla_params_results": {"mean_test_loss": 1.000470757484436, "mean_ground_truth_f1": 1.0, "ground_truth_acc": 1.0, "mean_student_error": 0.00021510673104785383, "mean_teacher_error": 0.0002555397222749889, "mean_protocol_diversity": 1.0, "mean_protocol_entropy": 7.222239013367687e-35}, "student_responsiveness": 0.7867814693053825, "teacher_responsiveness": 0.6756571416122383}