{"training_params_results": {"mean_test_loss": 1.1920928955078125e-07, "mean_ground_truth_f1": 1.0, "ground_truth_acc": 1.0, "mean_student_error": 5.893179893493652, "mean_teacher_error": 6.016730785369873, "mean_protocol_diversity": 0.9331250190734863, "mean_protocol_entropy": 0.021400360390543938}, "vanilla_params_results": {"mean_test_loss": 1.1920928955078125e-07, "mean_ground_truth_f1": 1.0, "ground_truth_acc": 1.0, "mean_student_error": 1.1920928955078125e-07, "mean_teacher_error": 0.00010209912579739466, "mean_protocol_diversity": 1.0, "mean_protocol_entropy": 7.222239013367687e-35}, "student_responsiveness": 0.00021932093559920684, "teacher_responsiveness": 2.7761658838980978e-05}