{"training_params_results": {"mean_test_loss": 1.276344895362854, "mean_ground_truth_f1": 0.94125, "ground_truth_acc": 0.94125, "mean_student_error": 0.08378870785236359, "mean_teacher_error": 5.638263974105939e-05, "mean_protocol_diversity": 0.9037500023841858, "mean_protocol_entropy": 0.03080051951110363}, "vanilla_params_results": {"mean_test_loss": 2.479015827178955, "mean_ground_truth_f1": 0.66375, "ground_truth_acc": 0.66375, "mean_student_error": 0.4790014922618866, "mean_teacher_error": 1.400847304466879e-05, "mean_protocol_diversity": 0.5, "mean_protocol_entropy": 0.1600022315979004}, "student_responsiveness": 0.9999065922356057, "teacher_responsiveness": 0.9999549695883563}