{"mean_test_loss": 1.1898268461227417, "mean_ground_truth_f1": 0.94625, "ground_truth_acc": 0.94625, "mean_student_error": 0.06880510598421097, "mean_teacher_error": 0.0010216142982244492, "mean_protocol_diversity": 0.9399999976158142, "mean_protocol_entropy": 0.019200323149561882}