{"mean_test_loss": 1.1073517799377441, "mean_ground_truth_f1": 0.99, "ground_truth_acc": 0.99, "mean_student_error": 0.013117777183651924, "mean_teacher_error": 0.07423381507396698, "mean_protocol_diversity": 0.9900000095367432}