{"mean_test_loss": 0.4779147207736969, "mean_ground_truth_f1": 0.67375, "ground_truth_acc": 0.67375, "mean_student_error": 0.873777449131012, "mean_teacher_error": 9.397337913513184, "mean_protocol_diversity": 0.5}