{"mean_test_loss": 1.0987063646316528, "mean_ground_truth_f1": 0.3325, "ground_truth_acc": 0.3325, "mean_student_error": 1.0988049507141113, "mean_teacher_error": 2.1220052242279053, "mean_protocol_diversity": 0.33333292603492737}