{"mean_test_loss": 1.046330213546753, "mean_ground_truth_f1": 0.99, "ground_truth_acc": 0.99, "mean_student_error": 0.01344242598861456, "mean_teacher_error": 0.014137919060885906, "mean_protocol_diversity": 0.9906250238418579, "mean_protocol_entropy": 0.003000050550326705}