{"mean_test_loss": 5.987720966339111, "mean_ground_truth_f1": 0.95625, "ground_truth_acc": 0.95625, "mean_student_error": 0.46673282980918884, "mean_teacher_error": 4.310989856719971, "mean_protocol_diversity": 0.8949999809265137}