{"mean_test_loss": 6.507574081420898, "mean_ground_truth_f1": 0.955, "ground_truth_acc": 0.955, "mean_student_error": 0.5387380123138428, "mean_teacher_error": 4.846339225769043, "mean_protocol_diversity": 0.9387500286102295}