{"training_params_results": {"mean_test_loss": 1.536309781613454e-07, "mean_ground_truth_f1": 1.0, "ground_truth_acc": 1.0, "mean_student_error": 1.536309781613454e-07, "mean_teacher_error": 0.00012716749915853143, "mean_protocol_diversity": 1.0, "mean_protocol_entropy": 7.222239013367687e-35}, "vanilla_params_results": {"mean_test_loss": 1.4811753601406963e-07, "mean_ground_truth_f1": 1.0, "ground_truth_acc": 1.0, "mean_student_error": 1.4811753601406963e-07, "mean_teacher_error": 0.00012997063458897173, "mean_protocol_diversity": 1.0, "mean_protocol_entropy": 7.222239013367687e-35}}