{"mean_test_loss": 1.0974512100219727, "mean_ground_truth_f1": 0.975, "ground_truth_acc": 0.975, "mean_student_error": 0.037366583943367004, "mean_teacher_error": 0.0013349629007279873, "mean_protocol_diversity": 0.9706249833106995, "mean_protocol_entropy": 0.009400158189237118}