{"training_params_results": {"mean_test_loss": 1.0377341508865356, "mean_ground_truth_f1": 0.99125, "ground_truth_acc": 0.99125, "mean_student_error": 0.014525308273732662, "mean_teacher_error": 0.010708439163863659, "mean_protocol_diversity": 0.9937499761581421, "mean_protocol_entropy": 0.0020000336226075888}, "vanilla_params_results": {"mean_test_loss": 1.0002902746200562, "mean_ground_truth_f1": 1.0, "ground_truth_acc": 1.0, "mean_student_error": 0.00014050721074454486, "mean_teacher_error": 0.00014894138439558446, "mean_protocol_diversity": 1.0, "mean_protocol_entropy": 7.222239013367687e-35}, "student_responsiveness": 0.9226220525334707, "teacher_responsiveness": 0.6415258493434051}