{"mean_test_loss": 1.0237079858779907, "mean_ground_truth_f1": 0.43125, "ground_truth_acc": 0.43125, "mean_student_error": 0.9857847094535828, "mean_teacher_error": 5.5530171394348145, "mean_protocol_diversity": 0.6499999761581421}