{"training_params_results": {"mean_test_loss": 1.1989916563034058, "mean_ground_truth_f1": 0.945, "ground_truth_acc": 0.945, "mean_student_error": 0.06647257506847382, "mean_teacher_error": 1.9250044715590775e-05, "mean_protocol_diversity": 0.9358333349227905, "mean_protocol_entropy": 0.02920268103480339}, "vanilla_params_results": {"mean_test_loss": 2.721930742263794, "mean_ground_truth_f1": 0.62375, "ground_truth_acc": 0.62375, "mean_student_error": 0.5669179558753967, "mean_teacher_error": 1.3229609066911507e-05, "mean_protocol_diversity": 0.47416672110557556, "mean_protocol_entropy": 0.3832610249519348}, "student_responsiveness": 0.9999478175314314, "teacher_responsiveness": 0.9999927641158904}