{"mean_test_loss": 0.4583479166030884, "mean_ground_truth_f1": 0.6825, "mean_student_error": 2.189865827560425, "mean_teacher_error": 9.468042373657227, "mean_protocol_diversity": 0.5}