{"mean_test_loss": 1.0035960674285889, "mean_ground_truth_f1": 1.0, "ground_truth_acc": 1.0, "mean_student_error": 0.0006408932968042791, "mean_teacher_error": 0.001706005074083805, "mean_protocol_diversity": 0.9993749856948853}