{"mean_test_loss": 1.1664280891418457, "mean_ground_truth_f1": 0.9625000000000001, "ground_truth_acc": 0.9625, "mean_student_error": 0.05637979507446289, "mean_teacher_error": 4.83247495139949e-05, "mean_protocol_diversity": 0.9462500214576721, "mean_protocol_entropy": 0.02240169048309326}