{"mean_test_loss": 1.1434177160263062, "mean_ground_truth_f1": 0.965, "ground_truth_acc": 0.965, "mean_student_error": 0.04875969886779785, "mean_teacher_error": 0.0021581442561000586, "mean_protocol_diversity": 0.9537500143051147, "mean_protocol_entropy": 0.014800249598920345}