{"mean_test_loss": 0.4610893130302429, "mean_ground_truth_f1": 0.8825, "ground_truth_acc": 0.8825, "mean_student_error": 1.1769219636917114, "mean_teacher_error": 9.351842880249023, "mean_protocol_diversity": 1.0}