{"mean_test_loss": 1.123130440711975, "mean_ground_truth_f1": 0.98, "ground_truth_acc": 0.98, "mean_student_error": 0.03940964862704277, "mean_teacher_error": 0.0012208973057568073, "mean_protocol_diversity": 0.9587500095367432, "mean_protocol_entropy": 0.01320022251456976}