{"training_params_results": {"mean_test_loss": 1.1119555234909058, "mean_ground_truth_f1": 0.9725, "ground_truth_acc": 0.9725, "mean_student_error": 0.0369546003639698, "mean_teacher_error": 1.4404769217435387e-06, "mean_protocol_diversity": 0.9629167318344116, "mean_protocol_entropy": 0.0136006660759449}, "vanilla_params_results": {"mean_test_loss": 3.5254383087158203, "mean_ground_truth_f1": 0.41875, "ground_truth_acc": 0.41875, "mean_student_error": 0.8804385662078857, "mean_teacher_error": 1.1920928955078125e-07, "mean_protocol_diversity": 0.39250004291534424, "mean_protocol_entropy": 1.0890434980392456}, "student_responsiveness": 0.9999944890962035, "teacher_responsiveness": 0.9999992629067708}