{"training_params_results": {"mean_test_loss": 1.0254303216934204, "mean_ground_truth_f1": 0.99375, "ground_truth_acc": 0.99375, "mean_student_error": 0.00857082474976778, "mean_teacher_error": 0.015610311180353165, "mean_protocol_diversity": 0.9993749856948853, "mean_protocol_entropy": 0.00020000337099190801}, "vanilla_params_results": {"mean_test_loss": 1.000024676322937, "mean_ground_truth_f1": 1.0, "ground_truth_acc": 1.0, "mean_student_error": 1.8129934687749483e-05, "mean_teacher_error": 7.693351108173374e-06, "mean_protocol_diversity": 1.0, "mean_protocol_entropy": 7.222239013367687e-35}, "student_responsiveness": 0.6462382689278781, "teacher_responsiveness": 0.4169277200923134}