{"training_params_results": {"mean_test_loss": 0.5690749883651733, "mean_ground_truth_f1": 0.77875, "ground_truth_acc": 0.77875, "mean_student_error": 0.6534778475761414, "mean_teacher_error": 6.441070556640625, "mean_protocol_diversity": 0.9012500047683716, "mean_protocol_entropy": 0.031600531190633774}, "vanilla_params_results": {"mean_test_loss": 0.521416187286377, "mean_ground_truth_f1": 0.7925, "ground_truth_acc": 0.7925, "mean_student_error": 0.7034007906913757, "mean_teacher_error": 5.814762592315674, "mean_protocol_diversity": 0.9037500023841858, "mean_protocol_entropy": 0.03080051951110363}}