{"training_params_results": {"mean_test_loss": 0.8248447179794312, "mean_ground_truth_f1": 0.535, "ground_truth_acc": 0.535, "mean_student_error": 1.6980328559875488, "mean_teacher_error": 9.78724479675293, "mean_protocol_diversity": 0.5, "mean_protocol_entropy": 0.1600022315979004}, "vanilla_params_results": {"mean_test_loss": 0.8476311564445496, "mean_ground_truth_f1": 0.52125, "ground_truth_acc": 0.52125, "mean_student_error": 1.7096469402313232, "mean_teacher_error": 9.635334014892578, "mean_protocol_diversity": 0.5, "mean_protocol_entropy": 0.1600022315979004}}