{"training_params_results": {"mean_test_loss": 1.2271105731542775e-07, "mean_ground_truth_f1": 1.0, "ground_truth_acc": 1.0, "mean_student_error": 1.8926767110824585, "mean_teacher_error": 9.388616561889648, "mean_protocol_diversity": 1.0, "mean_protocol_entropy": 7.222239013367687e-35}, "vanilla_params_results": {"mean_test_loss": 1.245737024646587e-07, "mean_ground_truth_f1": 1.0, "ground_truth_acc": 1.0, "mean_student_error": 2.055056571960449, "mean_teacher_error": 9.19444465637207, "mean_protocol_diversity": 1.0, "mean_protocol_entropy": 7.222239013367687e-35}}