{"mean_test_loss": 0.9815028309822083, "mean_ground_truth_f1": 0.5225, "ground_truth_acc": 0.5225, "mean_student_error": 1.0434913635253906, "mean_teacher_error": 9.890748023986816, "mean_protocol_diversity": 0.5}