{"training_params_results": {"mean_test_loss": 1.0989760160446167, "mean_ground_truth_f1": 0.32125, "ground_truth_acc": 0.32125, "mean_student_error": 1.0986522436141968, "mean_teacher_error": 1.6747105121612549, "mean_protocol_diversity": 0.33333292603492737, "mean_protocol_entropy": 1.6003745794296265}, "vanilla_params_results": {"mean_test_loss": 1.0987697839736938, "mean_ground_truth_f1": 0.33, "ground_truth_acc": 0.33, "mean_student_error": 1.0986522436141968, "mean_teacher_error": 1.651361107826233, "mean_protocol_diversity": 0.33333292603492737, "mean_protocol_entropy": 1.6003745794296265}}