{"mean_test_loss": 11.717482566833496, "mean_ground_truth_f1": 0.9975, "ground_truth_acc": 0.9975, "mean_student_error": 0.8005414605140686, "mean_teacher_error": 9.853179931640625, "mean_protocol_diversity": 0.9681249856948853}