{"training_params_results": {"mean_test_loss": 0.352398157119751, "mean_ground_truth_f1": 0.855, "ground_truth_acc": 0.855, "mean_student_error": 0.352398157119751, "mean_teacher_error": 6.91949462890625, "mean_protocol_diversity": 1.0, "mean_protocol_entropy": 7.222239013367687e-35}, "vanilla_params_results": {"mean_test_loss": 0.36471909284591675, "mean_ground_truth_f1": 0.85125, "ground_truth_acc": 0.85125, "mean_student_error": 0.36471909284591675, "mean_teacher_error": 6.583945274353027, "mean_protocol_diversity": 1.0, "mean_protocol_entropy": 7.222239013367687e-35}}