{"mean_test_loss": 1.0988914966583252, "mean_ground_truth_f1": 0.3375, "ground_truth_acc": 0.3375, "mean_student_error": 1.0990737676620483, "mean_teacher_error": 1.8286480903625488, "mean_protocol_diversity": 0.33333292603492737}