{"mean_test_loss": 6.229631423950195, "mean_ground_truth_f1": 0.62, "ground_truth_acc": 0.62, "mean_student_error": 0.7971380352973938, "mean_teacher_error": 3.4762420654296875, "mean_protocol_diversity": 0.5785418152809143}