{"mean_test_loss": 1.117323637008667, "mean_ground_truth_f1": 0.975, "ground_truth_acc": 0.975, "mean_student_error": 0.037526220083236694, "mean_teacher_error": 0.0047975643537938595, "mean_protocol_diversity": 0.9624999761581421, "mean_protocol_entropy": 0.01200020220130682}