{"training_params_results": {"mean_test_loss": 1.2453129291534424, "mean_ground_truth_f1": 0.93875, "ground_truth_acc": 0.93875, "mean_student_error": 0.07442233711481094, "mean_teacher_error": 0.02839072234928608, "mean_protocol_diversity": 0.9287499785423279, "mean_protocol_entropy": 0.0228003840893507}, "vanilla_params_results": {"mean_test_loss": 2.232383966445923, "mean_ground_truth_f1": 0.7225, "ground_truth_acc": 0.7225, "mean_student_error": 0.3971046507358551, "mean_teacher_error": 0.0015303243417292833, "mean_protocol_diversity": 0.5831249952316284, "mean_protocol_entropy": 0.13340193033218384}, "student_responsiveness": 0.9986570353094001, "teacher_responsiveness": 0.9784728520831787}