{"training_params_results": {"mean_test_loss": 1.0988965034484863, "mean_ground_truth_f1": 0.32875, "ground_truth_acc": 0.32875, "mean_student_error": 1.09913969039917, "mean_teacher_error": 1.9572454690933228, "mean_protocol_diversity": 0.33333292603492737, "mean_protocol_entropy": 1.6003745794296265}, "vanilla_params_results": {"mean_test_loss": 1.0990372896194458, "mean_ground_truth_f1": 0.33125, "ground_truth_acc": 0.33125, "mean_student_error": 1.09913969039917, "mean_teacher_error": 1.9786607027053833, "mean_protocol_diversity": 0.33333292603492737, "mean_protocol_entropy": 1.6003745794296265}}