{"training_params_results": {"mean_test_loss": 1.0000008344650269, "mean_ground_truth_f1": 1.0, "ground_truth_acc": 1.0, "mean_student_error": 3.993511938915617e-07, "mean_teacher_error": 5.175920136935019e-07, "mean_protocol_diversity": 1.0, "mean_protocol_entropy": 7.222249918832856e-35}, "vanilla_params_results": {"mean_test_loss": 1.0000009536743164, "mean_ground_truth_f1": 1.0, "ground_truth_acc": 1.0, "mean_student_error": 3.7431723853842414e-07, "mean_teacher_error": 5.168469670024933e-07, "mean_protocol_diversity": 1.0, "mean_protocol_entropy": 7.222249918832856e-35}, "student_responsiveness": 0.01779750475426933, "teacher_responsiveness": 1.3941823752506407e-05}