{"training_params_results": {"mean_test_loss": 1.1785088777542114, "mean_ground_truth_f1": 0.95875, "ground_truth_acc": 0.95875, "mean_student_error": 0.054232992231845856, "mean_teacher_error": 0.0017758565954864025, "mean_protocol_diversity": 0.9387500286102295, "mean_protocol_entropy": 0.01960032992064953}, "vanilla_params_results": {"mean_test_loss": 2.4437415599823, "mean_ground_truth_f1": 0.665, "ground_truth_acc": 0.665, "mean_student_error": 0.44287240505218506, "mean_teacher_error": 0.0008668162045069039, "mean_protocol_diversity": 0.5, "mean_protocol_entropy": 0.1600022315979004}, "student_responsiveness": 0.9988303950517833, "teacher_responsiveness": 0.9972718396567557}