{"mean_test_loss": 13.985945701599121, "mean_ground_truth_f1": 0.8425, "ground_truth_acc": 0.8425, "mean_student_error": 0.9132106304168701, "mean_teacher_error": 12.072729110717773, "mean_protocol_diversity": 1.0}