{"training_params_results": {"mean_test_loss": 2.3812063432160357e-07, "mean_ground_truth_f1": 1.0, "ground_truth_acc": 1.0, "mean_student_error": 2.023164749145508, "mean_teacher_error": 2.008368730545044, "mean_protocol_diversity": 0.9412500262260437, "mean_protocol_entropy": 0.018800316378474236}, "vanilla_params_results": {"mean_test_loss": 2.5421388727409067e-07, "mean_ground_truth_f1": 1.0, "ground_truth_acc": 1.0, "mean_student_error": 2.0342071056365967, "mean_teacher_error": 2.0840084552764893, "mean_protocol_diversity": 0.9418749809265137, "mean_protocol_entropy": 0.018600312992930412}}