{"mean_test_loss": 10.09207534790039, "mean_ground_truth_f1": 0.54625, "ground_truth_acc": 0.54625, "mean_student_error": 0.7586105465888977, "mean_teacher_error": 8.034711837768555, "mean_protocol_diversity": 0.856874942779541}