{"mean_test_loss": 1.2363892793655396, "mean_ground_truth_f1": 0.9475, "ground_truth_acc": 0.9475, "mean_student_error": 0.07507912814617157, "mean_teacher_error": 6.0630609368672594e-05, "mean_protocol_diversity": 0.92270827293396}