{"training_params_results": {"mean_test_loss": 1.1741437911987305, "mean_ground_truth_f1": 0.9575, "ground_truth_acc": 0.9575, "mean_student_error": 0.05289384722709656, "mean_teacher_error": 1.7009695341130282e-07, "mean_protocol_diversity": 0.940625011920929, "mean_protocol_entropy": 0.02420171909034252}, "vanilla_params_results": {"mean_test_loss": 4.099646091461182, "mean_ground_truth_f1": 0.325, "ground_truth_acc": 0.325, "mean_student_error": 1.0996490716934204, "mean_teacher_error": 1.1920928955078125e-07, "mean_protocol_diversity": 0.33333292603492737, "mean_protocol_entropy": 1.6003745794296265}, "student_responsiveness": 0.999346206275301, "teacher_responsiveness": 0.9999998673051723}