{"training_params_results": {"mean_test_loss": 1.0000001192092896, "mean_ground_truth_f1": 1.0, "ground_truth_acc": 1.0, "mean_student_error": 1.1920928955078125e-07, "mean_teacher_error": 1.1920928955078125e-07, "mean_protocol_diversity": 1.0, "mean_protocol_entropy": 7.222239013367687e-35}, "vanilla_params_results": {"mean_test_loss": 7.585139274597168, "mean_ground_truth_f1": 0.43125, "ground_truth_acc": 0.43125, "mean_student_error": 4.897436618804932, "mean_teacher_error": 0.0001966112176887691, "mean_protocol_diversity": 0.3854166269302368, "mean_protocol_entropy": 1.150259256362915}, "student_responsiveness": 0.9999998807907176, "teacher_responsiveness": 0.9999998807907176}