{"mean_test_loss": 1.188433051109314, "mean_ground_truth_f1": 0.955, "ground_truth_acc": 0.955, "mean_student_error": 0.05468280613422394, "mean_teacher_error": 2.9110086074979336e-07, "mean_protocol_diversity": 0.9331250190734863}