{"training_params_results": {"mean_test_loss": 1.3990416526794434, "mean_ground_truth_f1": 0.91, "ground_truth_acc": 0.91, "mean_student_error": 0.1265334188938141, "mean_teacher_error": 8.300597983179614e-06, "mean_protocol_diversity": 0.8637499809265137, "mean_protocol_entropy": 0.04360073059797287}, "vanilla_params_results": {"mean_test_loss": 2.448906898498535, "mean_ground_truth_f1": 0.69625, "ground_truth_acc": 0.69625, "mean_student_error": 0.4489074647426605, "mean_teacher_error": 1.2665987014770508e-07, "mean_protocol_diversity": 0.5, "mean_protocol_entropy": 0.1600022315979004}, "student_responsiveness": 0.99988949358697, "teacher_responsiveness": 0.9958130535483362}