{"training_params_results": {"mean_test_loss": 1.2149076461791992, "mean_ground_truth_f1": 0.9425, "ground_truth_acc": 0.9425, "mean_student_error": 0.06530089676380157, "mean_teacher_error": 0.0258566215634346, "mean_protocol_diversity": 0.9381250143051147, "mean_protocol_entropy": 0.019800333306193352}, "vanilla_params_results": {"mean_test_loss": 1.961841106414795, "mean_ground_truth_f1": 0.81625, "ground_truth_acc": 0.81625, "mean_student_error": 0.28978031873703003, "mean_teacher_error": 0.0070608328096568584, "mean_protocol_diversity": 0.6675000190734863, "mean_protocol_entropy": 0.10640163719654083}, "student_responsiveness": 0.9960740470052853, "teacher_responsiveness": 0.9665937125909325}