{"training_params_results": {"mean_test_loss": 1.1920928955078125e-07, "mean_ground_truth_f1": 1.0, "ground_truth_acc": 1.0, "mean_student_error": 1.1920928955078125e-07, "mean_teacher_error": 5.9384918212890625, "mean_protocol_diversity": 1.0, "mean_protocol_entropy": 7.222239013367687e-35}, "vanilla_params_results": {"mean_test_loss": 1.1920928955078125e-07, "mean_ground_truth_f1": 1.0, "ground_truth_acc": 1.0, "mean_student_error": 1.1920928955078125e-07, "mean_teacher_error": 6.292933464050293, "mean_protocol_diversity": 1.0, "mean_protocol_entropy": 7.222239013367687e-35}}