{"training_params_results": {"mean_test_loss": 1.0037028789520264, "mean_ground_truth_f1": 1.0, "ground_truth_acc": 1.0, "mean_student_error": 0.0013524251990020275, "mean_teacher_error": 0.0023505636490881443, "mean_protocol_diversity": 1.0, "mean_protocol_entropy": 7.222239013367687e-35}, "vanilla_params_results": {"mean_test_loss": 1.000036358833313, "mean_ground_truth_f1": 1.0, "ground_truth_acc": 1.0, "mean_student_error": 1.2879118003183976e-05, "mean_teacher_error": 2.3399139536195435e-05, "mean_protocol_diversity": 1.0, "mean_protocol_entropy": 7.222239013367687e-35}, "student_responsiveness": 0.8995637374036316, "teacher_responsiveness": 0.8229363890774206}