{"mean_test_loss": 1.1728686094284058, "mean_ground_truth_f1": 0.96, "ground_truth_acc": 0.96, "mean_student_error": 0.05373338609933853, "mean_teacher_error": 0.016635451465845108, "mean_protocol_diversity": 0.9487500190734863, "mean_protocol_entropy": 0.016400275751948357}