{"training_params_results": {"mean_test_loss": 1.1685658693313599, "mean_ground_truth_f1": 0.95875, "ground_truth_acc": 0.95875, "mean_student_error": 0.05204816162586212, "mean_teacher_error": 0.0002679598983377218, "mean_protocol_diversity": 0.9418749809265137, "mean_protocol_entropy": 0.018600312992930412}, "vanilla_params_results": {"mean_test_loss": 2.454948663711548, "mean_ground_truth_f1": 0.68375, "ground_truth_acc": 0.68375, "mean_student_error": 0.4549395442008972, "mean_teacher_error": 9.156143278232776e-06, "mean_protocol_diversity": 0.5, "mean_protocol_entropy": 0.1600022315979004}, "student_responsiveness": 0.9999785436003537, "teacher_responsiveness": 0.9999031287582169}