{"training_params_results": {"mean_test_loss": 1.2543532848358154, "mean_ground_truth_f1": 0.9275, "ground_truth_acc": 0.9275, "mean_student_error": 0.07935288548469543, "mean_teacher_error": 9.272526995118824e-07, "mean_protocol_diversity": 0.9125000238418579, "mean_protocol_entropy": 0.028000472113490105}, "vanilla_params_results": {"mean_test_loss": 1.964343547821045, "mean_ground_truth_f1": 0.82375, "ground_truth_acc": 0.82375, "mean_student_error": 0.30059364438056946, "mean_teacher_error": 1.3485551164649223e-07, "mean_protocol_diversity": 0.6681249737739563, "mean_protocol_entropy": 0.10620162636041641}, "student_responsiveness": 0.9999325213351352, "teacher_responsiveness": 0.9949974491703297}