{"training_params_results": {"mean_test_loss": 1.1222083568572998, "mean_ground_truth_f1": 0.9775, "ground_truth_acc": 0.9775, "mean_student_error": 0.039708565920591354, "mean_teacher_error": 1.7575933952684863e-07, "mean_protocol_diversity": 0.9591667056083679, "mean_protocol_entropy": 0.01480068638920784}, "vanilla_params_results": {"mean_test_loss": 4.100769519805908, "mean_ground_truth_f1": 0.33, "ground_truth_acc": 0.33, "mean_student_error": 1.1007661819458008, "mean_teacher_error": 6.17797604718362e-06, "mean_protocol_diversity": 0.33333292603492737, "mean_protocol_entropy": 1.6003745794296265}, "student_responsiveness": 0.999998780326171, "teacher_responsiveness": 0.9999997957794657}