{"training_params_results": {"mean_test_loss": 1.3521525859832764, "mean_ground_truth_f1": 0.9275, "ground_truth_acc": 0.9275, "mean_student_error": 0.10912390053272247, "mean_teacher_error": 0.009278710931539536, "mean_protocol_diversity": 0.8831250071525574, "mean_protocol_entropy": 0.03740062937140465}, "vanilla_params_results": {"mean_test_loss": 2.461857557296753, "mean_ground_truth_f1": 0.64125, "ground_truth_acc": 0.64125, "mean_student_error": 0.4593828618526459, "mean_teacher_error": 0.0024764221161603928, "mean_protocol_diversity": 0.5, "mean_protocol_entropy": 0.1600022315979004}, "student_responsiveness": 0.998250952614682, "teacher_responsiveness": 0.9671432636485057}