{"mean_test_loss": 1.098116397857666, "mean_ground_truth_f1": 0.34, "ground_truth_acc": 0.34, "mean_student_error": 1.0974133014678955, "mean_teacher_error": 1.7811951637268066, "mean_protocol_diversity": 0.4735417664051056}