{"training_params_results": {"mean_test_loss": 1.0000001192092896, "mean_ground_truth_f1": 1.0, "ground_truth_acc": 1.0, "mean_student_error": 1.1920928955078125e-07, "mean_teacher_error": 1.1920928955078125e-07, "mean_protocol_diversity": 1.0, "mean_protocol_entropy": 7.222239013367687e-35}, "vanilla_params_results": {"mean_test_loss": 6.946109771728516, "mean_ground_truth_f1": 0.41875, "ground_truth_acc": 0.41875, "mean_student_error": 4.284727573394775, "mean_teacher_error": 0.00013405896606855094, "mean_protocol_diversity": 0.3897916078567505, "mean_protocol_entropy": 1.1124495267868042}, "student_responsiveness": 0.9999998807907176, "teacher_responsiveness": 0.9999998807907176}