{"training_params_results": {"mean_test_loss": 1.0998611450195312, "mean_ground_truth_f1": 0.33125, "ground_truth_acc": 0.33125, "mean_student_error": 1.0994906425476074, "mean_teacher_error": 1.6623907089233398, "mean_protocol_diversity": 0.33333292603492737, "mean_protocol_entropy": 1.6003745794296265}, "vanilla_params_results": {"mean_test_loss": 1.097388744354248, "mean_ground_truth_f1": 0.34, "ground_truth_acc": 0.34, "mean_student_error": 1.0994906425476074, "mean_teacher_error": 1.657859444618225, "mean_protocol_diversity": 0.33333292603492737, "mean_protocol_entropy": 1.6003745794296265}}