{"training_params_results": {"mean_test_loss": 1.8864902529003302e-07, "mean_ground_truth_f1": 1.0, "ground_truth_acc": 1.0, "mean_student_error": 0.06044301018118858, "mean_teacher_error": 2.9821813106536865, "mean_protocol_diversity": 0.9956250190734863, "mean_protocol_entropy": 0.0014000235823914409}, "vanilla_params_results": {"mean_test_loss": 1.6808529323952826e-07, "mean_ground_truth_f1": 1.0, "ground_truth_acc": 1.0, "mean_student_error": 0.02686363272368908, "mean_teacher_error": 3.0307018756866455, "mean_protocol_diversity": 0.9975000023841858, "mean_protocol_entropy": 0.0008000134839676321}}