{"mean_test_loss": 1.3759126663208008, "mean_ground_truth_f1": 0.90875, "ground_truth_acc": 0.90875, "mean_student_error": 0.12340649962425232, "mean_teacher_error": 6.8530575845215935e-06, "mean_protocol_diversity": 0.8737499713897705}