{"training_params_results": {"mean_test_loss": 0.00017621774168219417, "mean_ground_truth_f1": 1.0, "ground_truth_acc": 1.0, "mean_student_error": 0.00017621774168219417, "mean_teacher_error": 9.867992401123047, "mean_protocol_diversity": 1.0, "mean_protocol_entropy": 7.222239013367687e-35}, "vanilla_params_results": {"mean_test_loss": 9.435929678147659e-05, "mean_ground_truth_f1": 1.0, "ground_truth_acc": 1.0, "mean_student_error": 9.435929678147659e-05, "mean_teacher_error": 10.028816223144531, "mean_protocol_diversity": 1.0, "mean_protocol_entropy": 7.222239013367687e-35}}