{"training_params_results": {"mean_test_loss": 1.0973386764526367, "mean_ground_truth_f1": 0.35875, "ground_truth_acc": 0.35875, "mean_student_error": 1.0993006229400635, "mean_teacher_error": 1.7656152248382568, "mean_protocol_diversity": 0.33333292603492737, "mean_protocol_entropy": 1.6003745794296265}, "vanilla_params_results": {"mean_test_loss": 1.0976319313049316, "mean_ground_truth_f1": 0.3637500000000001, "ground_truth_acc": 0.36375, "mean_student_error": 1.0993006229400635, "mean_teacher_error": 1.7684292793273926, "mean_protocol_diversity": 0.33333292603492737, "mean_protocol_entropy": 1.6003745794296265}}