{"mean_test_loss": 2.322507381439209, "mean_ground_truth_f1": 0.67125, "mean_student_error": 3.6012609004974365, "mean_teacher_error": 9.373649597167969, "mean_protocol_diversity": 0.7774999737739563}