{"mean_test_loss": 4.384809494018555, "mean_ground_truth_f1": 1.0, "ground_truth_acc": 1.0, "mean_student_error": 0.6153063178062439, "mean_teacher_error": 2.605755567550659, "mean_protocol_diversity": 0.9181249737739563}