{"mean_test_loss": 4.10145378112793, "mean_ground_truth_f1": 0.3175, "ground_truth_acc": 0.3175, "mean_student_error": 1.101452350616455, "mean_teacher_error": 8.667475412948988e-06, "mean_protocol_diversity": 0.33333292603492737}