{"mean_test_loss": 1.1980533543010097e-07, "mean_ground_truth_f1": 1.0, "ground_truth_acc": 1.0, "mean_student_error": 1.1980533543010097e-07, "mean_teacher_error": 10.989030838012695, "mean_protocol_diversity": 1.0}