{"mean_test_loss": 0.6345559358596802, "mean_ground_truth_f1": 0.615, "mean_student_error": 2.480215311050415, "mean_teacher_error": 9.880971908569336, "mean_protocol_diversity": 0.5}