{"mean_test_loss": 9.795775413513184, "mean_ground_truth_f1": 0.53, "ground_truth_acc": 0.53, "mean_student_error": 0.7930750250816345, "mean_teacher_error": 7.370195388793945, "mean_protocol_diversity": 0.7112500071525574}