{"mean_test_loss": 1.0000073909759521, "mean_ground_truth_f1": 1.0, "ground_truth_acc": 1.0, "mean_student_error": 1.1920928955078125e-07, "mean_teacher_error": 8.129713023663498e-06, "mean_protocol_diversity": 1.0}