{"mean_test_loss": 1.32173354927545e-07, "mean_ground_truth_f1": 1.0, "ground_truth_acc": 1.0, "mean_student_error": 1.1398119926452637, "mean_teacher_error": 9.975118637084961, "mean_protocol_diversity": 1.0}