{"mean_test_loss": 1.2472643852233887, "mean_ground_truth_f1": 0.93625, "ground_truth_acc": 0.93625, "mean_student_error": 0.08194517344236374, "mean_teacher_error": 0.0003191870346199721, "mean_protocol_diversity": 0.9175000190734863, "mean_protocol_entropy": 0.02640044502913952}