{"zero_shot_coordination_scores": [{"vanilla_params_test_metrics": [{"mean_test_loss": 1.1027770042419434, "mean_ground_truth_f1": 0.325, "ground_truth_acc": 0.325, "mean_student_error": 1.1113531589508057, "mean_teacher_error": 0.35930559039115906, "mean_protocol_diversity": 1.0, "mean_protocol_entropy": 7.222241883226942e-35}, {"mean_test_loss": 9.543492317199707, "mean_ground_truth_f1": 0.3125, "ground_truth_acc": 0.3125, "mean_student_error": 9.28300666809082, "mean_teacher_error": 1.1436946392059326, "mean_protocol_diversity": 0.33333322405815125, "mean_protocol_entropy": 1.6003763675689697}], "training_params_test_metrics": [{"mean_test_loss": 1.0985206365585327, "mean_ground_truth_f1": 0.34375, "ground_truth_acc": 0.34375, "mean_student_error": 1.1097357273101807, "mean_teacher_error": 9.184870719909668, "mean_protocol_diversity": 1.0, "mean_protocol_entropy": 7.222241883226942e-35}, {"mean_test_loss": 9.209147453308105, "mean_ground_truth_f1": 0.3125, "ground_truth_acc": 0.3125, "mean_student_error": 9.08913803100586, "mean_teacher_error": 1.6471248865127563, "mean_protocol_diversity": 0.33333322405815125, "mean_protocol_entropy": 1.6003763675689697}]}]}