{"training_params_results": {"mean_test_loss": 1.0322970151901245, "mean_ground_truth_f1": 0.9975, "ground_truth_acc": 0.9975, "mean_student_error": 0.010682306252419949, "mean_teacher_error": 0.004114861600100994, "mean_protocol_diversity": 0.9912499785423279, "mean_protocol_entropy": 0.0028000471647828817}, "vanilla_params_results": {"mean_test_loss": 1.0001195669174194, "mean_ground_truth_f1": 1.0, "ground_truth_acc": 1.0, "mean_student_error": 3.659509093267843e-05, "mean_teacher_error": 8.325339149450883e-05, "mean_protocol_diversity": 1.0, "mean_protocol_entropy": 7.222239013367687e-35}, "student_responsiveness": 0.7877666166087931, "teacher_responsiveness": 0.3897022618875598}