{"training_params_results": {"mean_test_loss": 1.1375667554602842e-06, "mean_ground_truth_f1": 1.0, "ground_truth_acc": 1.0, "mean_student_error": 1.1375667554602842e-06, "mean_teacher_error": 2.660283088684082, "mean_protocol_diversity": 1.0, "mean_protocol_entropy": 7.222239013367687e-35}, "vanilla_params_results": {"mean_test_loss": 1.092713091566111e-06, "mean_ground_truth_f1": 1.0, "ground_truth_acc": 1.0, "mean_student_error": 1.092713091566111e-06, "mean_teacher_error": 2.8163483142852783, "mean_protocol_diversity": 1.0, "mean_protocol_entropy": 7.222239013367687e-35}}