{"training_params_results": {"mean_test_loss": 1.2240961790084839, "mean_ground_truth_f1": 0.93625, "ground_truth_acc": 0.93625, "mean_student_error": 0.07605141401290894, "mean_teacher_error": 0.0005449146265164018, "mean_protocol_diversity": 0.9291667342185974, "mean_protocol_entropy": 0.03480364754796028}, "vanilla_params_results": {"mean_test_loss": 4.100300312042236, "mean_ground_truth_f1": 0.3637500000000001, "ground_truth_acc": 0.36375, "mean_student_error": 1.1002197265625, "mean_teacher_error": 8.117574907373637e-05, "mean_protocol_diversity": 0.33333292603492737, "mean_protocol_entropy": 1.6003745794296265}, "student_responsiveness": 0.9998103878676721, "teacher_responsiveness": 0.9994224546448421}