{"training_params_results": {"mean_test_loss": 1.0392733812332153, "mean_ground_truth_f1": 0.9925, "ground_truth_acc": 0.9925, "mean_student_error": 0.008673077449202538, "mean_teacher_error": 0.03060046024620533, "mean_protocol_diversity": 1.0, "mean_protocol_entropy": 7.222239013367687e-35}, "vanilla_params_results": {"mean_test_loss": 1.0000495910644531, "mean_ground_truth_f1": 1.0, "ground_truth_acc": 1.0, "mean_student_error": 1.0983198080793954e-05, "mean_teacher_error": 3.93465998058673e-05, "mean_protocol_diversity": 1.0, "mean_protocol_entropy": 7.222239013367687e-35}, "student_responsiveness": 0.9685163510342298, "teacher_responsiveness": 0.8662363780186813}