{"mean_test_loss": 0.06434572488069534, "mean_ground_truth_f1": 0.98375, "mean_student_error": 0.06434572488069534, "mean_teacher_error": 10.579026222229004, "mean_protocol_diversity": 1.0}