{"mean_test_loss": 1.752305269241333, "mean_ground_truth_f1": 0.64125, "ground_truth_acc": 0.64125, "mean_student_error": 2.396134853363037, "mean_teacher_error": 9.141417503356934, "mean_protocol_diversity": 0.7506250143051147}