{"mean_test_loss": 1.06201171875, "mean_ground_truth_f1": 0.99, "ground_truth_acc": 0.99, "mean_student_error": 0.022687632590532303, "mean_teacher_error": 0.0018240936333313584, "mean_protocol_diversity": 0.981249988079071, "mean_protocol_entropy": 0.00600010110065341}