{"mean_test_loss": 1.2354751825332642, "mean_ground_truth_f1": 0.9500000000000001, "ground_truth_acc": 0.95, "mean_student_error": 0.07632321119308472, "mean_teacher_error": 0.0004023693036288023, "mean_protocol_diversity": 0.9206249713897705, "mean_protocol_entropy": 0.025400428101420403}