{"mean_test_loss": 1.260649561882019, "mean_ground_truth_f1": 0.94875, "ground_truth_acc": 0.94875, "mean_student_error": 0.07314865291118622, "mean_teacher_error": 1.4760148587811273e-06, "mean_protocol_diversity": 0.90625}