{"mean_test_loss": 11.513079643249512, "mean_ground_truth_f1": 0.925, "ground_truth_acc": 0.925, "mean_student_error": 0.8125295042991638, "mean_teacher_error": 9.594293594360352, "mean_protocol_diversity": 0.9477083683013916}