{"mean_test_loss": 8.506680488586426, "mean_ground_truth_f1": 0.91, "ground_truth_acc": 0.91, "mean_student_error": 0.6679581999778748, "mean_teacher_error": 6.667470932006836, "mean_protocol_diversity": 0.9143750071525574}