{"training_params_results": {"mean_test_loss": 1.544003963470459, "mean_ground_truth_f1": 0.875, "ground_truth_acc": 0.875, "mean_student_error": 0.17400135099887848, "mean_teacher_error": 0.010002804920077324, "mean_protocol_diversity": 0.8199999928474426, "mean_protocol_entropy": 0.057600971311330795}, "vanilla_params_results": {"mean_test_loss": 2.462642192840576, "mean_ground_truth_f1": 0.655, "ground_truth_acc": 0.655, "mean_student_error": 0.462424635887146, "mean_teacher_error": 0.00021685540559701622, "mean_protocol_diversity": 0.5, "mean_protocol_entropy": 0.1600022315979004}, "student_responsiveness": 0.9737516510519154, "teacher_responsiveness": 0.9295727254725453}