{"training_params_results": {"mean_test_loss": 0.49065688252449036, "mean_ground_truth_f1": 0.6675, "ground_truth_acc": 0.6675, "mean_student_error": 0.4918510317802429, "mean_teacher_error": 10.288030624389648, "mean_protocol_diversity": 0.5, "mean_protocol_entropy": 0.1600022315979004}, "vanilla_params_results": {"mean_test_loss": 0.4709551930427551, "mean_ground_truth_f1": 0.68625, "ground_truth_acc": 0.68625, "mean_student_error": 0.47423088550567627, "mean_teacher_error": 10.52750015258789, "mean_protocol_diversity": 0.5, "mean_protocol_entropy": 0.1600022315979004}}