{"training_params_results": {"mean_test_loss": 6.354958168230951e-05, "mean_ground_truth_f1": 1.0, "ground_truth_acc": 1.0, "mean_student_error": 6.354958168230951e-05, "mean_teacher_error": 6.035214900970459, "mean_protocol_diversity": 1.0, "mean_protocol_entropy": 7.222239013367687e-35}, "vanilla_params_results": {"mean_test_loss": 8.990109199658036e-05, "mean_ground_truth_f1": 1.0, "ground_truth_acc": 1.0, "mean_student_error": 8.990109199658036e-05, "mean_teacher_error": 6.269866943359375, "mean_protocol_diversity": 1.0, "mean_protocol_entropy": 7.222239013367687e-35}}