{"mean_test_loss": 1.167286992073059, "mean_ground_truth_f1": 0.97125, "ground_truth_acc": 0.97125, "mean_student_error": 0.05463534966111183, "mean_teacher_error": 0.00015160281327553093, "mean_protocol_diversity": 0.9437500238418579, "mean_protocol_entropy": 0.018000302836298943}