{"mean_test_loss": 0.479268878698349, "mean_ground_truth_f1": 0.63875, "ground_truth_acc": 0.63875, "mean_student_error": 1.8368219137191772, "mean_teacher_error": 9.971811294555664, "mean_protocol_diversity": 0.5}