{"mean_test_loss": 1.1601485013961792, "mean_ground_truth_f1": 0.95875, "ground_truth_acc": 0.95875, "mean_student_error": 0.052475012838840485, "mean_teacher_error": 0.00017361779464408755, "mean_protocol_diversity": 0.9466666579246521}