{"training_params_results": {"mean_test_loss": 1.0979914665222168, "mean_ground_truth_f1": 0.35500000000000004, "ground_truth_acc": 0.355, "mean_student_error": 1.0987995862960815, "mean_teacher_error": 1.6394553184509277, "mean_protocol_diversity": 0.33333292603492737, "mean_protocol_entropy": 1.6003745794296265}, "vanilla_params_results": {"mean_test_loss": 1.0992074012756348, "mean_ground_truth_f1": 0.3225, "ground_truth_acc": 0.3225, "mean_student_error": 1.0987995862960815, "mean_teacher_error": 1.621152639389038, "mean_protocol_diversity": 0.33333292603492737, "mean_protocol_entropy": 1.6003745794296265}}