{"mean_test_loss": 4.02426290512085, "mean_ground_truth_f1": 0.985, "ground_truth_acc": 0.985, "mean_student_error": 0.3634116053581238, "mean_teacher_error": 2.5858514308929443, "mean_protocol_diversity": 0.9624999761581421}